RAV8XLIGA,90033
RAV9XLIGA,90033
RAV10X901,90033
RAV10X902,90033
RAV10X903,
RAV10X904,90110
RAV10X905,90210
RAV10X906,98743
RAV10X907,90110
RAV10X908,
RAV10X909,90110
RAV10X910,
RAV10X911,90210
RAV10X912,90211
RAV10X913,90110
RAV10X914,90544
RAV10X915,90544
RAV10X916,
RAV10X917,90544
RAV10X918,90545
RAV10X919,90546
RAV10X920,90547
RAV10X921,90548
RAV10X922,90549
RAV10X923,90550
RAV10X924,90551
RAV10X925,90552
RAV10X926,
RAV10X927,90554
RAV10X928,90555
RAV10X929,90556
RAV10X930,90557
RAV10X931,90558